<root>
    <attack name="ground">
        <!--Attack Links-->
    </attack>

    <attack name="air">
        <!--Attack Links-->
    </attack>

    <attack name="ground-neutral-near">
        <ground/>
        <air/>
        <hitbox frames="12t13" kb = "300,-300" str = "25" stun = "10"/>
        <!--Attack Links-->
        <inherits from="ground" />
    </attack>

    <attack name="back-kick">
        <ground/>
        <air/>
        <hitbox frames="28" kb = "600,-200" str = "50" stun = "30" once="true"/>
        <!--Attack Links-->
        <inherits from="ground" />
    </attack>

    <attack name="air-slam-up">
        <air/>
        <thrust frames="9" velocity="0,0" fixed = "0.01,0"/>
        <thrust frames="10" velocity="0,-450" fixed = "0.95,0"/>
        <!--Attack Links-->
        <auto_continue on_complete="air-slam-down" />
    </attack>

    <attack name="air-slam-down">
        <air/>
        <thrust frames="30" velocity="0,0" fixed = "0,0"/>
        <thrust frames="31" velocity="0,300" fixed = "0,1"/>
        <hitbox frames="30t31" kb = "300,300" kb_ground = "500,-500" str = "50" stun = "45"/>
        <!--Attack Links-->
        <ground_cancel_attack name="jump-land" />
    </attack>

    <attack name="yeti-yeet-success-grab-1">
        <ground/>
        <auto_continue on_complete="yeti-yeet-success-grab-2" />
    </attack>

    <attack name="yeti-yeet-success-grab-2">
        <ground/>
        <auto_continue on_complete="yeti-yeet-success-throw-1" />
    </attack>

    <attack name="yeti-yeet-success-throw-1">
        <ground/>
        <auto_continue on_complete="yeti-yeet-success-throw-2" />
    </attack>

    <attack name="yeti-yeet-success-throw-2">
        <ground/>
    </attack>

    <attack name="yeti-yeet-fail">
        <ground/>
        <!--Attack Links-->
        <inherits from="ground" />
    </attack>

    <attack name="jump-land">
        <ground/>
        <!--Attack Links-->
        <inherits from="ground" />
    </attack>

</root>