{ "frames": {
   "duoYeti-yeti 0.aseprite": {
    "frame": { "x": 0, "y": 0, "w": 434, "h": 323 },
    "rotated": false,
    "trimmed": false,
    "spriteSourceSize": { "x": 0, "y": 0, "w": 434, "h": 323 },
    "sourceSize": { "w": 434, "h": 323 },
    "duration": 280
   },
   "duoYeti-yeti 1.aseprite": {
    "frame": { "x": 434, "y": 0, "w": 434, "h": 323 },
    "rotated": false,
    "trimmed": false,
    "spriteSourceSize": { "x": 0, "y": 0, "w": 434, "h": 323 },
    "sourceSize": { "w": 434, "h": 323 },
    "duration": 280
   },
   "duoYeti-yeti 2.aseprite": {
    "frame": { "x": 868, "y": 0, "w": 434, "h": 323 },
    "rotated": false,
    "trimmed": false,
    "spriteSourceSize": { "x": 0, "y": 0, "w": 434, "h": 323 },
    "sourceSize": { "w": 434, "h": 323 },
    "duration": 180
   },
   "duoYeti-yeti 3.aseprite": {
    "frame": { "x": 1302, "y": 0, "w": 434, "h": 323 },
    "rotated": false,
    "trimmed": false,
    "spriteSourceSize": { "x": 0, "y": 0, "w": 434, "h": 323 },
    "sourceSize": { "w": 434, "h": 323 },
    "duration": 180
   },
   "duoYeti-yeti 4.aseprite": {
    "frame": { "x": 1736, "y": 0, "w": 434, "h": 323 },
    "rotated": false,
    "trimmed": false,
    "spriteSourceSize": { "x": 0, "y": 0, "w": 434, "h": 323 },
    "sourceSize": { "w": 434, "h": 323 },
    "duration": 180
   },
   "duoYeti-yeti 5.aseprite": {
    "frame": { "x": 2170, "y": 0, "w": 434, "h": 323 },
    "rotated": false,
    "trimmed": false,
    "spriteSourceSize": { "x": 0, "y": 0, "w": 434, "h": 323 },
    "sourceSize": { "w": 434, "h": 323 },
    "duration": 180
   },
   "duoYeti-yeti 6.aseprite": {
    "frame": { "x": 2604, "y": 0, "w": 434, "h": 323 },
    "rotated": false,
    "trimmed": false,
    "spriteSourceSize": { "x": 0, "y": 0, "w": 434, "h": 323 },
    "sourceSize": { "w": 434, "h": 323 },
    "duration": 180
   },
   "duoYeti-yeti 7.aseprite": {
    "frame": { "x": 3038, "y": 0, "w": 434, "h": 323 },
    "rotated": false,
    "trimmed": false,
    "spriteSourceSize": { "x": 0, "y": 0, "w": 434, "h": 323 },
    "sourceSize": { "w": 434, "h": 323 },
    "duration": 400
   },
   "duoYeti-yeti 8.aseprite": {
    "frame": { "x": 3472, "y": 0, "w": 434, "h": 323 },
    "rotated": false,
    "trimmed": false,
    "spriteSourceSize": { "x": 0, "y": 0, "w": 434, "h": 323 },
    "sourceSize": { "w": 434, "h": 323 },
    "duration": 400
   },
   "duoYeti-yeti 9.aseprite": {
    "frame": { "x": 3906, "y": 0, "w": 434, "h": 323 },
    "rotated": false,
    "trimmed": false,
    "spriteSourceSize": { "x": 0, "y": 0, "w": 434, "h": 323 },
    "sourceSize": { "w": 434, "h": 323 },
    "duration": 80
   },
   "duoYeti-yeti 10.aseprite": {
    "frame": { "x": 4340, "y": 0, "w": 434, "h": 323 },
    "rotated": false,
    "trimmed": false,
    "spriteSourceSize": { "x": 0, "y": 0, "w": 434, "h": 323 },
    "sourceSize": { "w": 434, "h": 323 },
    "duration": 80
   },
   "duoYeti-yeti 11.aseprite": {
    "frame": { "x": 4774, "y": 0, "w": 434, "h": 323 },
    "rotated": false,
    "trimmed": false,
    "spriteSourceSize": { "x": 0, "y": 0, "w": 434, "h": 323 },
    "sourceSize": { "w": 434, "h": 323 },
    "duration": 80
   },
   "duoYeti-yeti 12.aseprite": {
    "frame": { "x": 5208, "y": 0, "w": 434, "h": 323 },
    "rotated": false,
    "trimmed": false,
    "spriteSourceSize": { "x": 0, "y": 0, "w": 434, "h": 323 },
    "sourceSize": { "w": 434, "h": 323 },
    "duration": 40
   },
   "duoYeti-yeti 13.aseprite": {
    "frame": { "x": 5642, "y": 0, "w": 434, "h": 323 },
    "rotated": false,
    "trimmed": false,
    "spriteSourceSize": { "x": 0, "y": 0, "w": 434, "h": 323 },
    "sourceSize": { "w": 434, "h": 323 },
    "duration": 40
   },
   "duoYeti-yeti 14.aseprite": {
    "frame": { "x": 6076, "y": 0, "w": 434, "h": 323 },
    "rotated": false,
    "trimmed": false,
    "spriteSourceSize": { "x": 0, "y": 0, "w": 434, "h": 323 },
    "sourceSize": { "w": 434, "h": 323 },
    "duration": 160
   },
   "duoYeti-yeti 15.aseprite": {
    "frame": { "x": 6510, "y": 0, "w": 434, "h": 323 },
    "rotated": false,
    "trimmed": false,
    "spriteSourceSize": { "x": 0, "y": 0, "w": 434, "h": 323 },
    "sourceSize": { "w": 434, "h": 323 },
    "duration": 160
   },
   "duoYeti-yeti 16.aseprite": {
    "frame": { "x": 6944, "y": 0, "w": 434, "h": 323 },
    "rotated": false,
    "trimmed": false,
    "spriteSourceSize": { "x": 0, "y": 0, "w": 434, "h": 323 },
    "sourceSize": { "w": 434, "h": 323 },
    "duration": 40
   },
   "duoYeti-yeti 17.aseprite": {
    "frame": { "x": 7378, "y": 0, "w": 434, "h": 323 },
    "rotated": false,
    "trimmed": false,
    "spriteSourceSize": { "x": 0, "y": 0, "w": 434, "h": 323 },
    "sourceSize": { "w": 434, "h": 323 },
    "duration": 400
   },
   "duoYeti-yeti 18.aseprite": {
    "frame": { "x": 7812, "y": 0, "w": 434, "h": 323 },
    "rotated": false,
    "trimmed": false,
    "spriteSourceSize": { "x": 0, "y": 0, "w": 434, "h": 323 },
    "sourceSize": { "w": 434, "h": 323 },
    "duration": 40
   },
   "duoYeti-yeti 19.aseprite": {
    "frame": { "x": 8246, "y": 0, "w": 434, "h": 323 },
    "rotated": false,
    "trimmed": false,
    "spriteSourceSize": { "x": 0, "y": 0, "w": 434, "h": 323 },
    "sourceSize": { "w": 434, "h": 323 },
    "duration": 40
   },
   "duoYeti-yeti 20.aseprite": {
    "frame": { "x": 8680, "y": 0, "w": 434, "h": 323 },
    "rotated": false,
    "trimmed": false,
    "spriteSourceSize": { "x": 0, "y": 0, "w": 434, "h": 323 },
    "sourceSize": { "w": 434, "h": 323 },
    "duration": 40
   },
   "duoYeti-yeti 21.aseprite": {
    "frame": { "x": 9114, "y": 0, "w": 434, "h": 323 },
    "rotated": false,
    "trimmed": false,
    "spriteSourceSize": { "x": 0, "y": 0, "w": 434, "h": 323 },
    "sourceSize": { "w": 434, "h": 323 },
    "duration": 120
   },
   "duoYeti-yeti 22.aseprite": {
    "frame": { "x": 9548, "y": 0, "w": 434, "h": 323 },
    "rotated": false,
    "trimmed": false,
    "spriteSourceSize": { "x": 0, "y": 0, "w": 434, "h": 323 },
    "sourceSize": { "w": 434, "h": 323 },
    "duration": 40
   },
   "duoYeti-yeti 23.aseprite": {
    "frame": { "x": 9982, "y": 0, "w": 434, "h": 323 },
    "rotated": false,
    "trimmed": false,
    "spriteSourceSize": { "x": 0, "y": 0, "w": 434, "h": 323 },
    "sourceSize": { "w": 434, "h": 323 },
    "duration": 120
   },
   "duoYeti-yeti 24.aseprite": {
    "frame": { "x": 10416, "y": 0, "w": 434, "h": 323 },
    "rotated": false,
    "trimmed": false,
    "spriteSourceSize": { "x": 0, "y": 0, "w": 434, "h": 323 },
    "sourceSize": { "w": 434, "h": 323 },
    "duration": 120
   },
   "duoYeti-yeti 25.aseprite": {
    "frame": { "x": 10850, "y": 0, "w": 434, "h": 323 },
    "rotated": false,
    "trimmed": false,
    "spriteSourceSize": { "x": 0, "y": 0, "w": 434, "h": 323 },
    "sourceSize": { "w": 434, "h": 323 },
    "duration": 120
   },
   "duoYeti-yeti 26.aseprite": {
    "frame": { "x": 11284, "y": 0, "w": 434, "h": 323 },
    "rotated": false,
    "trimmed": false,
    "spriteSourceSize": { "x": 0, "y": 0, "w": 434, "h": 323 },
    "sourceSize": { "w": 434, "h": 323 },
    "duration": 120
   },
   "duoYeti-yeti 27.aseprite": {
    "frame": { "x": 11718, "y": 0, "w": 434, "h": 323 },
    "rotated": false,
    "trimmed": false,
    "spriteSourceSize": { "x": 0, "y": 0, "w": 434, "h": 323 },
    "sourceSize": { "w": 434, "h": 323 },
    "duration": 120
   },
   "duoYeti-yeti 28.aseprite": {
    "frame": { "x": 12152, "y": 0, "w": 434, "h": 323 },
    "rotated": false,
    "trimmed": false,
    "spriteSourceSize": { "x": 0, "y": 0, "w": 434, "h": 323 },
    "sourceSize": { "w": 434, "h": 323 },
    "duration": 120
   },
   "duoYeti-yeti 29.aseprite": {
    "frame": { "x": 12586, "y": 0, "w": 434, "h": 323 },
    "rotated": false,
    "trimmed": false,
    "spriteSourceSize": { "x": 0, "y": 0, "w": 434, "h": 323 },
    "sourceSize": { "w": 434, "h": 323 },
    "duration": 120
   },
   "duoYeti-yeti 30.aseprite": {
    "frame": { "x": 13020, "y": 0, "w": 434, "h": 323 },
    "rotated": false,
    "trimmed": false,
    "spriteSourceSize": { "x": 0, "y": 0, "w": 434, "h": 323 },
    "sourceSize": { "w": 434, "h": 323 },
    "duration": 120
   },
   "duoYeti-yeti 31.aseprite": {
    "frame": { "x": 13454, "y": 0, "w": 434, "h": 323 },
    "rotated": false,
    "trimmed": false,
    "spriteSourceSize": { "x": 0, "y": 0, "w": 434, "h": 323 },
    "sourceSize": { "w": 434, "h": 323 },
    "duration": 100
   }
 },
 "meta": {
  "app": "https://www.aseprite.org/",
  "version": "1.3-beta21-x64",
  "image": "duoYeti-yeti.png",
  "format": "RGBA8888",
  "size": { "w": 13888, "h": 323 },
  "scale": "1",
  "frameTags": [
   { "name": "idle (280ms)", "from": 0, "to": 1, "direction": "forward", "color": "#57b9f2ff" },
   { "name": "walk (180ms)", "from": 2, "to": 5, "direction": "forward", "color": "#57b9f2ff" },
   { "name": "block", "from": 6, "to": 6, "direction": "forward", "color": "#57b9f2ff" },
   { "name": "hit-start", "from": 7, "to": 7, "direction": "forward", "color": "#6acd5bff" },
   { "name": "hit", "from": 8, "to": 8, "direction": "forward", "color": "#6acd5bff" },
   { "name": "jump-squat (80ms)", "from": 9, "to": 9, "direction": "forward", "color": "#6acd5bff" },
   { "name": "jump-up", "from": 10, "to": 10, "direction": "forward", "color": "#6acd5bff" },
   { "name": "jump-land (160ms)", "from": 11, "to": 11, "direction": "forward", "color": "#6acd5bff" },
   { "name": "ground-neutral-near", "from": 12, "to": 14, "direction": "forward", "color": "#6acd5bff" },
   { "name": "ground-down", "from": 15, "to": 17, "direction": "forward", "color": "#6acd5bff" },
   { "name": "yeti-grab", "from": 18, "to": 23, "direction": "forward", "color": "#6acd5bff" },
   { "name": "yet-grab-throw", "from": 24, "to": 27, "direction": "forward", "color": "#6acd5bff" },
   { "name": "ground-back", "from": 28, "to": 29, "direction": "forward", "color": "#6acd5bff" },
   { "name": "air-slam", "from": 30, "to": 31, "direction": "forward", "color": "#6acd5bff" }
  ],
  "layers": [
   { "name": "main", "opacity": 255, "blendMode": "normal" },
   { "name": "hurtbox", "opacity": 112, "blendMode": "normal" },
   { "name": "hitbox", "opacity": 105, "blendMode": "normal" }
  ],
  "slices": [
  ]
 }
}
