<root>
    <attack name="ground">
        <!--Attack Links-->
        <link attack="ground-up"/>
        <link attack="ground-back"/>
        <link attack="ground-down-up"/>
        <link attack="penguin-slide-start" />
        <link attack="ground-neutral" />
    </attack>

    <attack name="air">
        <!--Attack Links-->
        <link attack="air-down" />
        <link attack="air-back-summon" />
        <link attack="air-up-start" />
        <link attack="penguin-slide-start" />
        <link attack="air-neutral" />
    </attack>

    <attack name="ground-neutral">
        <ground/>
         <!--Controls-->
         <input controls="attack" />
        <!--Hitboxes-->
        <hitbox frames="28" kb = "300,-300" str = "25"/>
        <!--Movement Attributes-->
        <drag frames="4,5" rates=".6,1" />
        <thrust frames="28" velocity="50,0" />
        <!--Special Attributes-->
        <cancellable frames="6" />
        <!--Attack Links-->
        <inherits from="ground" />
    </attack>

    <attack name="ground-back">
        <ground/>
        <!--Controls-->
        <input controls="attack,backwards" />
        <!--Hitboxes-->
        <hitbox frames="8" kb = "300,-300" str = "50" stun = "30"/>
        <hitbox frames="9" kb = "100,-150" str = "25" stun = "1" once = "true"/>
        <!--Movement Attributes-->
        <thrust frames="7" velocity="-25,0" />
        <thrust frames="8" velocity="75,0" />
        <!--Special Attributes-->
        <cancellable frames="9" />
        <!--Attack Links-->
        <inherits from="ground" />
    </attack>

    <attack name="ground-up">
        <ground/>
        <!--Controls-->
        <input controls="attack,up" />
        <!--Hitboxes-->
        <hitbox frames="11" kb = "300,-500" str = "50"/>
        <hitbox frames="12" kb = "300,-300" str = "25"/>
        <!--Special Attributes-->
        <cancellable frames="12t13" />
        <!--Attack Links-->
        <inherits from="ground" />
    </attack>

    <attack name="ground-down-up">
        <ground/>
        <!--Controls-->
        <input controls="attack,down" />
        <!--Movement Attributes-->
        <thrust frames="53t54" velocity="100,-250" fixed = "0,1" />
        <auto_continue on_complete="ground-down-side" />
    </attack>

    <attack name="ground-down-side">
        <ground/>
        <!--Controls-->
        <input controls="attack,down" />
        <!--Movement Attributes-->
        <thrust frames="53t54" velocity="900,0" fixed = "0,0.01" />
        <auto_continue on_complete="ground-down-down" />
    </attack>

    <attack name="ground-down-down">
        <ground/>
        <!--Controls-->
        <input controls="attack" />
        <!--Movement Attributes-->
        <hitbox frames="55t56" kb = "250,-250" kb_air = "0,500" str = "50" stun = "30"/>
        <thrust frames="55t56" velocity="0,250" fixed = "0.01,1" />
        <ground_cancel_attack name="air-land"/>
    </attack>
    
    <attack name="air-down">
        <air/>
        <!--Controls-->
        <input controls="attack,down" />
        <!--Movement Attributes-->
        <hitbox frames="55t56" kb = "250,-250" kb_air = "0,-250" str = "25" stun = "30"/>
        <thrust frames="55t56" velocity="0,50" fixed = "1,1" />
        <cancellable frames="55t56" />
        <!--Attack Links-->
        <ground_cancel_attack name="air-land"/>
        <input_cancel_attack/>
        <inherits from="air" />
    </attack>


    <attack name="penguin-slide-start">
        <air/>
        <ground/>
        <!--Controls-->
        <input controls="attack,forward" />
        <thrust frames="35" velocity="250,500" once = "true" fixed = "0.01,0"/>
        <!--Attack Links-->
        <auto_continue on_complete="penguin-slide-loop" />
    </attack>

    <attack name="penguin-slide-loop">
        <air/>
        <ground/>
        <!--Controls-->
        <input controls="attack,forward" />
        <thrust frames="20t21" velocity="550,0" fixed = "0,1" />
        <!--Attack Links-->
        <wall_cancel_attack name="penguin-slide-bonk" />
        <opponent_cancel_attack name="penguin-slide-escape-start" />

        <input_cancel_attack/>
        <link attack = "penguin-slide-escape-start"/>
    </attack>

    <attack name="penguin-slide-bonk">
        <air/>
        <ground/>
        <thrust frames="32" velocity="-300,-350" once="true" fixed = "0.01,0"/>
        <ground_cancel_attack name="air-land" frames="34"/>
    </attack>

    <attack name="penguin-slide-escape-start">
        <air/>
        <ground/>
        <!--Controls-->
        <input controls="attack" />
        <!--Special Attributes-->
        <thrust frames="39" velocity="-200,-400" once="true" fixed = "0.01,0" />
        <hitbox frames="35t39" kb = "300,-300" str = "50"/>
        <!--Controls-->
        <ground_cancel_attack name="air-land" frames="35t38"/>
    </attack>

    <attack name="air-land">
        <air/>
        <ground/>
        <inherits from="ground" />
    </attack>

    <attack name="air-neutral">
        <air/>
        <!--Controls-->
        <input controls="attack" />
        <!--Special Attributes-->
        <hitbox frames="17" kb = "50,100" str = "100"/>
        <!--Attack Links-->
        <inherits from="air" />
    </attack>

    <attack name="air-up-start">
        <air/>
        <!--Controls-->
        <input controls="attack,up" />
        <thrust frames="40t41" velocity="0,-500" fixed = "0.95,0" once = "true"/>
        <!--Attack Links-->
        <auto_continue on_complete="air-up-loop" />
    </attack>

    <attack name="air-up-loop">
        <air/>
        <thrust frames="42t43" velocity="0,300" once="true" fixed = "1x,0"/>
        <!--Hitboxes-->
        <hitbox frames="42t43" kb = "50,-250" str = "25" stun = "10"/>

        <input_cancel_attack/>
        <link attack = "air-up-escape"/>

        <ground_cancel_attack name="air-land"/>
    </attack>

    <attack name="air-up-escape">
        <air/>
        <input controls="attack" />

        <thrust frames="40t41" velocity="0,700" once="true" fixed = "0.01,0"/>

        <input_cancel_attack/>
        <inherits from="air" />

        <ground_cancel_attack name="air-land" />
    </attack>

    <attack name="penguin-slide-escape-start">
        <air/>
        <ground/>
        <thrust frames="52" velocity="-200,-400" once="true" fixed = "0.01,0" />
        <hitbox frames="52" kb = "300,-300" str = "50"/>
        <!--Controls-->
        <input controls="attack" />
        <auto_continue on_complete="penguin-slide-escape-loop" />
        <ground_cancel_attack name="air-land" frames="35t38"/>
    </attack>

    <attack name="penguin-slide-escape-loop">
        <air/>
        <ground/>
        <thrust frames="39" velocity="-200,-400" once="true" fixed = "0.01,0" />
        <hitbox frames="35t39" kb = "300,-300" str = "50"/>
        <!--Controls-->
        <input controls="attack" />
        <ground_cancel_attack name="air-land" frames="35t38"/>
    </attack>

    <attack name="summon-walk">
        <air/>
        <!--Hitboxes-->
        <hitbox frames="44t45" kb = "100,-250" str = "25" stun = "10"/>
    </attack>

    <attack name="air-back-summon">
        <air/>
        <!--controls-->
        <input controls="attack,backwards" />
        <!--Hitboxes-->
        <drag frames="48t51" rates="0,0" />
        <thrust frames="48t51" velocity="0,-50" once="true" fixed = "0.5,0" />
        <hitbox frames="51" kb = "100,-100" str = "25" stun = "60"/>
        <auto_continue on_complete="air-back-loop" />
        <summon name = "penguin-summon" max = "1" frames = "51"/>
    </attack>

    
    <attack name="air-back-loop">
        <air/>
        <ground_cancel_attack name="air-land"/>
    </attack>
</root>