<root>
    <animSet image = "penguin-base" path = "assets" hitbox = "67,100" offset_left = "96,59" offset_right = "75,59" fps = "100ms">
        <anim name = "idle" fps = "150ms">0t1</anim>
        
        <anim name = "walk-forwards" fps = "150ms">2t3</anim>
        <anim name = "walk-backwards" fps = "100ms">3,2</anim>

        <anim name = "jump-up">14t15</anim>
        <anim name = "jump-mid">14t15</anim>
        <anim name = "jump-down">14t15</anim>
        <anim name = "jump-squat" looping = "false">26</anim>
        <anim name = "jump-land" looping = "false">27</anim>
        
        <anim name = "ground-neutral" looping = "false">4,28,5h2,6</anim>
        <anim name = "ground-back" looping = "false">7t8,9h3</anim>
        <anim name = "ground-up" looping = "false">10t13</anim>

        <anim name = "ground-down-up" looping = "false">53t54r2</anim>
        <anim name = "ground-down-side" looping = "false">53t54</anim>
        <anim name = "ground-down-down">55t56</anim>
        
        <anim name = "hit">22t23</anim>
        <anim name = "hit-recover" looping = "false" fps = "100ms">24h2</anim>
        
        <anim name = "block-start" looping = "false">31</anim>
        <anim name = "block-loop">29t30</anim>
        <anim name = "block-recover" looping = "false">31</anim>
        
        <anim name = "penguin-slide-start" looping = "false">35</anim>
        <anim name = "penguin-slide-loop">20t21</anim>
        <anim name = "penguin-slide-bonk">32,33t34r30</anim>
        <anim name = "penguin-slide-escape-start" fps = "20ms" looping = "false">52</anim>
        <anim name = "penguin-slide-escape-loop">39,35t38r30</anim>

        <anim name = "air-land" looping = "false">27</anim>

        <anim name = "air-neutral" looping = "false">16t19</anim>

        <anim name = "air-up-start" looping = "false">40t41</anim>
        <anim name = "air-up-loop">42t43</anim>
        <anim name = "air-up-escape">40t41</anim>

        <anim name = "summon-walk" fps = "150ms">44t45</anim>
        <anim name = "summon-hit">46t47</anim>

        <anim name = "air-back-summon" looping = "false">48t49,51h2,49t50,51h2</anim>
        <anim name = "air-back-loop">49t50</anim>

        <anim name = "air-down">53t54,55t56r5</anim>
    </animSet>
</root>