{ "frames": {
   "snowman-walk 0.aseprite": {
    "frame": { "x": 0, "y": 0, "w": 512, "h": 512 },
    "rotated": false,
    "trimmed": false,
    "spriteSourceSize": { "x": 0, "y": 0, "w": 512, "h": 512 },
    "sourceSize": { "w": 512, "h": 512 },
    "duration": 100
   },
   "snowman-walk 1.aseprite": {
    "frame": { "x": 512, "y": 0, "w": 512, "h": 512 },
    "rotated": false,
    "trimmed": false,
    "spriteSourceSize": { "x": 0, "y": 0, "w": 512, "h": 512 },
    "sourceSize": { "w": 512, "h": 512 },
    "duration": 100
   },
   "snowman-walk 2.aseprite": {
    "frame": { "x": 1024, "y": 0, "w": 512, "h": 512 },
    "rotated": false,
    "trimmed": false,
    "spriteSourceSize": { "x": 0, "y": 0, "w": 512, "h": 512 },
    "sourceSize": { "w": 512, "h": 512 },
    "duration": 100
   },
   "snowman-walk 3.aseprite": {
    "frame": { "x": 1536, "y": 0, "w": 512, "h": 512 },
    "rotated": false,
    "trimmed": false,
    "spriteSourceSize": { "x": 0, "y": 0, "w": 512, "h": 512 },
    "sourceSize": { "w": 512, "h": 512 },
    "duration": 100
   },
   "snowman-walk 4.aseprite": {
    "frame": { "x": 2048, "y": 0, "w": 512, "h": 512 },
    "rotated": false,
    "trimmed": false,
    "spriteSourceSize": { "x": 0, "y": 0, "w": 512, "h": 512 },
    "sourceSize": { "w": 512, "h": 512 },
    "duration": 100
   },
   "snowman-walk 5.aseprite": {
    "frame": { "x": 2560, "y": 0, "w": 512, "h": 512 },
    "rotated": false,
    "trimmed": false,
    "spriteSourceSize": { "x": 0, "y": 0, "w": 512, "h": 512 },
    "sourceSize": { "w": 512, "h": 512 },
    "duration": 100
   },
   "snowman-walk 6.aseprite": {
    "frame": { "x": 3072, "y": 0, "w": 512, "h": 512 },
    "rotated": false,
    "trimmed": false,
    "spriteSourceSize": { "x": 0, "y": 0, "w": 512, "h": 512 },
    "sourceSize": { "w": 512, "h": 512 },
    "duration": 100
   },
   "snowman-walk 7.aseprite": {
    "frame": { "x": 3584, "y": 0, "w": 512, "h": 512 },
    "rotated": false,
    "trimmed": false,
    "spriteSourceSize": { "x": 0, "y": 0, "w": 512, "h": 512 },
    "sourceSize": { "w": 512, "h": 512 },
    "duration": 100
   },
   "snowman-walk 8.aseprite": {
    "frame": { "x": 4096, "y": 0, "w": 512, "h": 512 },
    "rotated": false,
    "trimmed": false,
    "spriteSourceSize": { "x": 0, "y": 0, "w": 512, "h": 512 },
    "sourceSize": { "w": 512, "h": 512 },
    "duration": 100
   },
   "snowman-walk 9.aseprite": {
    "frame": { "x": 4608, "y": 0, "w": 512, "h": 512 },
    "rotated": false,
    "trimmed": false,
    "spriteSourceSize": { "x": 0, "y": 0, "w": 512, "h": 512 },
    "sourceSize": { "w": 512, "h": 512 },
    "duration": 100
   },
   "snowman-walk 10.aseprite": {
    "frame": { "x": 5120, "y": 0, "w": 512, "h": 512 },
    "rotated": false,
    "trimmed": false,
    "spriteSourceSize": { "x": 0, "y": 0, "w": 512, "h": 512 },
    "sourceSize": { "w": 512, "h": 512 },
    "duration": 100
   },
   "snowman-walk 11.aseprite": {
    "frame": { "x": 5632, "y": 0, "w": 512, "h": 512 },
    "rotated": false,
    "trimmed": false,
    "spriteSourceSize": { "x": 0, "y": 0, "w": 512, "h": 512 },
    "sourceSize": { "w": 512, "h": 512 },
    "duration": 100
   },
   "snowman-walk 12.aseprite": {
    "frame": { "x": 6144, "y": 0, "w": 512, "h": 512 },
    "rotated": false,
    "trimmed": false,
    "spriteSourceSize": { "x": 0, "y": 0, "w": 512, "h": 512 },
    "sourceSize": { "w": 512, "h": 512 },
    "duration": 100
   },
   "snowman-walk 13.aseprite": {
    "frame": { "x": 6656, "y": 0, "w": 512, "h": 512 },
    "rotated": false,
    "trimmed": false,
    "spriteSourceSize": { "x": 0, "y": 0, "w": 512, "h": 512 },
    "sourceSize": { "w": 512, "h": 512 },
    "duration": 100
   },
   "snowman-walk 14.aseprite": {
    "frame": { "x": 7168, "y": 0, "w": 512, "h": 512 },
    "rotated": false,
    "trimmed": false,
    "spriteSourceSize": { "x": 0, "y": 0, "w": 512, "h": 512 },
    "sourceSize": { "w": 512, "h": 512 },
    "duration": 100
   },
   "snowman-walk 15.aseprite": {
    "frame": { "x": 7680, "y": 0, "w": 512, "h": 512 },
    "rotated": false,
    "trimmed": false,
    "spriteSourceSize": { "x": 0, "y": 0, "w": 512, "h": 512 },
    "sourceSize": { "w": 512, "h": 512 },
    "duration": 100
   },
   "snowman-walk 16.aseprite": {
    "frame": { "x": 8192, "y": 0, "w": 512, "h": 512 },
    "rotated": false,
    "trimmed": false,
    "spriteSourceSize": { "x": 0, "y": 0, "w": 512, "h": 512 },
    "sourceSize": { "w": 512, "h": 512 },
    "duration": 100
   },
   "snowman-walk 17.aseprite": {
    "frame": { "x": 8704, "y": 0, "w": 512, "h": 512 },
    "rotated": false,
    "trimmed": false,
    "spriteSourceSize": { "x": 0, "y": 0, "w": 512, "h": 512 },
    "sourceSize": { "w": 512, "h": 512 },
    "duration": 100
   },
   "snowman-walk 18.aseprite": {
    "frame": { "x": 9216, "y": 0, "w": 512, "h": 512 },
    "rotated": false,
    "trimmed": false,
    "spriteSourceSize": { "x": 0, "y": 0, "w": 512, "h": 512 },
    "sourceSize": { "w": 512, "h": 512 },
    "duration": 100
   },
   "snowman-walk 19.aseprite": {
    "frame": { "x": 9728, "y": 0, "w": 512, "h": 512 },
    "rotated": false,
    "trimmed": false,
    "spriteSourceSize": { "x": 0, "y": 0, "w": 512, "h": 512 },
    "sourceSize": { "w": 512, "h": 512 },
    "duration": 100
   },
   "snowman-walk 20.aseprite": {
    "frame": { "x": 10240, "y": 0, "w": 512, "h": 512 },
    "rotated": false,
    "trimmed": false,
    "spriteSourceSize": { "x": 0, "y": 0, "w": 512, "h": 512 },
    "sourceSize": { "w": 512, "h": 512 },
    "duration": 100
   },
   "snowman-walk 21.aseprite": {
    "frame": { "x": 10752, "y": 0, "w": 512, "h": 512 },
    "rotated": false,
    "trimmed": false,
    "spriteSourceSize": { "x": 0, "y": 0, "w": 512, "h": 512 },
    "sourceSize": { "w": 512, "h": 512 },
    "duration": 100
   },
   "snowman-walk 22.aseprite": {
    "frame": { "x": 11264, "y": 0, "w": 512, "h": 512 },
    "rotated": false,
    "trimmed": false,
    "spriteSourceSize": { "x": 0, "y": 0, "w": 512, "h": 512 },
    "sourceSize": { "w": 512, "h": 512 },
    "duration": 100
   },
   "snowman-walk 23.aseprite": {
    "frame": { "x": 11776, "y": 0, "w": 512, "h": 512 },
    "rotated": false,
    "trimmed": false,
    "spriteSourceSize": { "x": 0, "y": 0, "w": 512, "h": 512 },
    "sourceSize": { "w": 512, "h": 512 },
    "duration": 100
   },
   "snowman-walk 24.aseprite": {
    "frame": { "x": 12288, "y": 0, "w": 512, "h": 512 },
    "rotated": false,
    "trimmed": false,
    "spriteSourceSize": { "x": 0, "y": 0, "w": 512, "h": 512 },
    "sourceSize": { "w": 512, "h": 512 },
    "duration": 100
   },
   "snowman-walk 25.aseprite": {
    "frame": { "x": 12800, "y": 0, "w": 512, "h": 512 },
    "rotated": false,
    "trimmed": false,
    "spriteSourceSize": { "x": 0, "y": 0, "w": 512, "h": 512 },
    "sourceSize": { "w": 512, "h": 512 },
    "duration": 100
   },
   "snowman-walk 26.aseprite": {
    "frame": { "x": 13312, "y": 0, "w": 512, "h": 512 },
    "rotated": false,
    "trimmed": false,
    "spriteSourceSize": { "x": 0, "y": 0, "w": 512, "h": 512 },
    "sourceSize": { "w": 512, "h": 512 },
    "duration": 100
   },
   "snowman-walk 27.aseprite": {
    "frame": { "x": 13824, "y": 0, "w": 512, "h": 512 },
    "rotated": false,
    "trimmed": false,
    "spriteSourceSize": { "x": 0, "y": 0, "w": 512, "h": 512 },
    "sourceSize": { "w": 512, "h": 512 },
    "duration": 100
   }
 },
 "meta": {
  "app": "https://www.aseprite.org/",
  "version": "1.3-beta21-x64",
  "image": "snowman-walk.png",
  "format": "I8",
  "size": { "w": 14336, "h": 512 },
  "scale": "1",
  "frameTags": [
   { "name": "walk", "from": 0, "to": 27, "direction": "forward", "color": "#57b9f2ff" }
  ],
  "layers": [
   { "name": "Sprite Sheet", "opacity": 255, "blendMode": "normal" }
  ],
  "slices": [
  ]
 }
}
