{ "frames": {
   "snowman-ground-up 0.aseprite": {
    "frame": { "x": 0, "y": 0, "w": 512, "h": 512 },
    "rotated": false,
    "trimmed": false,
    "spriteSourceSize": { "x": 0, "y": 0, "w": 512, "h": 512 },
    "sourceSize": { "w": 512, "h": 512 },
    "duration": 100
   },
   "snowman-ground-up 1.aseprite": {
    "frame": { "x": 512, "y": 0, "w": 512, "h": 512 },
    "rotated": false,
    "trimmed": false,
    "spriteSourceSize": { "x": 0, "y": 0, "w": 512, "h": 512 },
    "sourceSize": { "w": 512, "h": 512 },
    "duration": 100
   },
   "snowman-ground-up 2.aseprite": {
    "frame": { "x": 1024, "y": 0, "w": 512, "h": 512 },
    "rotated": false,
    "trimmed": false,
    "spriteSourceSize": { "x": 0, "y": 0, "w": 512, "h": 512 },
    "sourceSize": { "w": 512, "h": 512 },
    "duration": 100
   },
   "snowman-ground-up 3.aseprite": {
    "frame": { "x": 1536, "y": 0, "w": 512, "h": 512 },
    "rotated": false,
    "trimmed": false,
    "spriteSourceSize": { "x": 0, "y": 0, "w": 512, "h": 512 },
    "sourceSize": { "w": 512, "h": 512 },
    "duration": 100
   },
   "snowman-ground-up 4.aseprite": {
    "frame": { "x": 2048, "y": 0, "w": 512, "h": 512 },
    "rotated": false,
    "trimmed": false,
    "spriteSourceSize": { "x": 0, "y": 0, "w": 512, "h": 512 },
    "sourceSize": { "w": 512, "h": 512 },
    "duration": 100
   },
   "snowman-ground-up 5.aseprite": {
    "frame": { "x": 2560, "y": 0, "w": 512, "h": 512 },
    "rotated": false,
    "trimmed": false,
    "spriteSourceSize": { "x": 0, "y": 0, "w": 512, "h": 512 },
    "sourceSize": { "w": 512, "h": 512 },
    "duration": 100
   },
   "snowman-ground-up 6.aseprite": {
    "frame": { "x": 3072, "y": 0, "w": 512, "h": 512 },
    "rotated": false,
    "trimmed": false,
    "spriteSourceSize": { "x": 0, "y": 0, "w": 512, "h": 512 },
    "sourceSize": { "w": 512, "h": 512 },
    "duration": 100
   },
   "snowman-ground-up 7.aseprite": {
    "frame": { "x": 3584, "y": 0, "w": 512, "h": 512 },
    "rotated": false,
    "trimmed": false,
    "spriteSourceSize": { "x": 0, "y": 0, "w": 512, "h": 512 },
    "sourceSize": { "w": 512, "h": 512 },
    "duration": 100
   },
   "snowman-ground-up 8.aseprite": {
    "frame": { "x": 4096, "y": 0, "w": 512, "h": 512 },
    "rotated": false,
    "trimmed": false,
    "spriteSourceSize": { "x": 0, "y": 0, "w": 512, "h": 512 },
    "sourceSize": { "w": 512, "h": 512 },
    "duration": 100
   },
   "snowman-ground-up 9.aseprite": {
    "frame": { "x": 4608, "y": 0, "w": 512, "h": 512 },
    "rotated": false,
    "trimmed": false,
    "spriteSourceSize": { "x": 0, "y": 0, "w": 512, "h": 512 },
    "sourceSize": { "w": 512, "h": 512 },
    "duration": 100
   },
   "snowman-ground-up 10.aseprite": {
    "frame": { "x": 5120, "y": 0, "w": 512, "h": 512 },
    "rotated": false,
    "trimmed": false,
    "spriteSourceSize": { "x": 0, "y": 0, "w": 512, "h": 512 },
    "sourceSize": { "w": 512, "h": 512 },
    "duration": 100
   },
   "snowman-ground-up 11.aseprite": {
    "frame": { "x": 5632, "y": 0, "w": 512, "h": 512 },
    "rotated": false,
    "trimmed": false,
    "spriteSourceSize": { "x": 0, "y": 0, "w": 512, "h": 512 },
    "sourceSize": { "w": 512, "h": 512 },
    "duration": 100
   },
   "snowman-ground-up 12.aseprite": {
    "frame": { "x": 6144, "y": 0, "w": 512, "h": 512 },
    "rotated": false,
    "trimmed": false,
    "spriteSourceSize": { "x": 0, "y": 0, "w": 512, "h": 512 },
    "sourceSize": { "w": 512, "h": 512 },
    "duration": 100
   },
   "snowman-ground-up 13.aseprite": {
    "frame": { "x": 6656, "y": 0, "w": 512, "h": 512 },
    "rotated": false,
    "trimmed": false,
    "spriteSourceSize": { "x": 0, "y": 0, "w": 512, "h": 512 },
    "sourceSize": { "w": 512, "h": 512 },
    "duration": 100
   },
   "snowman-ground-up 14.aseprite": {
    "frame": { "x": 7168, "y": 0, "w": 512, "h": 512 },
    "rotated": false,
    "trimmed": false,
    "spriteSourceSize": { "x": 0, "y": 0, "w": 512, "h": 512 },
    "sourceSize": { "w": 512, "h": 512 },
    "duration": 100
   },
   "snowman-ground-up 15.aseprite": {
    "frame": { "x": 7680, "y": 0, "w": 512, "h": 512 },
    "rotated": false,
    "trimmed": false,
    "spriteSourceSize": { "x": 0, "y": 0, "w": 512, "h": 512 },
    "sourceSize": { "w": 512, "h": 512 },
    "duration": 100
   },
   "snowman-ground-up 16.aseprite": {
    "frame": { "x": 8192, "y": 0, "w": 512, "h": 512 },
    "rotated": false,
    "trimmed": false,
    "spriteSourceSize": { "x": 0, "y": 0, "w": 512, "h": 512 },
    "sourceSize": { "w": 512, "h": 512 },
    "duration": 100
   },
   "snowman-ground-up 17.aseprite": {
    "frame": { "x": 8704, "y": 0, "w": 512, "h": 512 },
    "rotated": false,
    "trimmed": false,
    "spriteSourceSize": { "x": 0, "y": 0, "w": 512, "h": 512 },
    "sourceSize": { "w": 512, "h": 512 },
    "duration": 100
   },
   "snowman-ground-up 18.aseprite": {
    "frame": { "x": 9216, "y": 0, "w": 512, "h": 512 },
    "rotated": false,
    "trimmed": false,
    "spriteSourceSize": { "x": 0, "y": 0, "w": 512, "h": 512 },
    "sourceSize": { "w": 512, "h": 512 },
    "duration": 100
   },
   "snowman-ground-up 19.aseprite": {
    "frame": { "x": 9728, "y": 0, "w": 512, "h": 512 },
    "rotated": false,
    "trimmed": false,
    "spriteSourceSize": { "x": 0, "y": 0, "w": 512, "h": 512 },
    "sourceSize": { "w": 512, "h": 512 },
    "duration": 100
   },
   "snowman-ground-up 20.aseprite": {
    "frame": { "x": 10240, "y": 0, "w": 512, "h": 512 },
    "rotated": false,
    "trimmed": false,
    "spriteSourceSize": { "x": 0, "y": 0, "w": 512, "h": 512 },
    "sourceSize": { "w": 512, "h": 512 },
    "duration": 100
   },
   "snowman-ground-up 21.aseprite": {
    "frame": { "x": 10752, "y": 0, "w": 512, "h": 512 },
    "rotated": false,
    "trimmed": false,
    "spriteSourceSize": { "x": 0, "y": 0, "w": 512, "h": 512 },
    "sourceSize": { "w": 512, "h": 512 },
    "duration": 100
   },
   "snowman-ground-up 22.aseprite": {
    "frame": { "x": 11264, "y": 0, "w": 512, "h": 512 },
    "rotated": false,
    "trimmed": false,
    "spriteSourceSize": { "x": 0, "y": 0, "w": 512, "h": 512 },
    "sourceSize": { "w": 512, "h": 512 },
    "duration": 100
   },
   "snowman-ground-up 23.aseprite": {
    "frame": { "x": 11776, "y": 0, "w": 512, "h": 512 },
    "rotated": false,
    "trimmed": false,
    "spriteSourceSize": { "x": 0, "y": 0, "w": 512, "h": 512 },
    "sourceSize": { "w": 512, "h": 512 },
    "duration": 100
   }
 },
 "meta": {
  "app": "https://www.aseprite.org/",
  "version": "1.3-beta21-x64",
  "image": "snowman-ground-up.png",
  "format": "I8",
  "size": { "w": 12288, "h": 512 },
  "scale": "1",
  "frameTags": [
   { "name": "ground-up", "from": 0, "to": 23, "direction": "forward", "color": "#6acd5bff" }
  ],
  "layers": [
   { "name": "Sprite Sheet", "opacity": 255, "blendMode": "normal" }
  ],
  "slices": [
  ]
 }
}
