{ "frames": {
   "snowman-hit 0.aseprite": {
    "frame": { "x": 0, "y": 0, "w": 512, "h": 512 },
    "rotated": false,
    "trimmed": false,
    "spriteSourceSize": { "x": 0, "y": 0, "w": 512, "h": 512 },
    "sourceSize": { "w": 512, "h": 512 },
    "duration": 100
   },
   "snowman-hit 1.aseprite": {
    "frame": { "x": 512, "y": 0, "w": 512, "h": 512 },
    "rotated": false,
    "trimmed": false,
    "spriteSourceSize": { "x": 0, "y": 0, "w": 512, "h": 512 },
    "sourceSize": { "w": 512, "h": 512 },
    "duration": 100
   },
   "snowman-hit 2.aseprite": {
    "frame": { "x": 1024, "y": 0, "w": 512, "h": 512 },
    "rotated": false,
    "trimmed": false,
    "spriteSourceSize": { "x": 0, "y": 0, "w": 512, "h": 512 },
    "sourceSize": { "w": 512, "h": 512 },
    "duration": 100
   },
   "snowman-hit 3.aseprite": {
    "frame": { "x": 1536, "y": 0, "w": 512, "h": 512 },
    "rotated": false,
    "trimmed": false,
    "spriteSourceSize": { "x": 0, "y": 0, "w": 512, "h": 512 },
    "sourceSize": { "w": 512, "h": 512 },
    "duration": 100
   },
   "snowman-hit 4.aseprite": {
    "frame": { "x": 2048, "y": 0, "w": 512, "h": 512 },
    "rotated": false,
    "trimmed": false,
    "spriteSourceSize": { "x": 0, "y": 0, "w": 512, "h": 512 },
    "sourceSize": { "w": 512, "h": 512 },
    "duration": 100
   },
   "snowman-hit 5.aseprite": {
    "frame": { "x": 2560, "y": 0, "w": 512, "h": 512 },
    "rotated": false,
    "trimmed": false,
    "spriteSourceSize": { "x": 0, "y": 0, "w": 512, "h": 512 },
    "sourceSize": { "w": 512, "h": 512 },
    "duration": 100
   },
   "snowman-hit 6.aseprite": {
    "frame": { "x": 3072, "y": 0, "w": 512, "h": 512 },
    "rotated": false,
    "trimmed": false,
    "spriteSourceSize": { "x": 0, "y": 0, "w": 512, "h": 512 },
    "sourceSize": { "w": 512, "h": 512 },
    "duration": 100
   },
   "snowman-hit 7.aseprite": {
    "frame": { "x": 3584, "y": 0, "w": 512, "h": 512 },
    "rotated": false,
    "trimmed": false,
    "spriteSourceSize": { "x": 0, "y": 0, "w": 512, "h": 512 },
    "sourceSize": { "w": 512, "h": 512 },
    "duration": 100
   },
   "snowman-hit 8.aseprite": {
    "frame": { "x": 4096, "y": 0, "w": 512, "h": 512 },
    "rotated": false,
    "trimmed": false,
    "spriteSourceSize": { "x": 0, "y": 0, "w": 512, "h": 512 },
    "sourceSize": { "w": 512, "h": 512 },
    "duration": 100
   },
   "snowman-hit 9.aseprite": {
    "frame": { "x": 4608, "y": 0, "w": 512, "h": 512 },
    "rotated": false,
    "trimmed": false,
    "spriteSourceSize": { "x": 0, "y": 0, "w": 512, "h": 512 },
    "sourceSize": { "w": 512, "h": 512 },
    "duration": 100
   },
   "snowman-hit 10.aseprite": {
    "frame": { "x": 5120, "y": 0, "w": 512, "h": 512 },
    "rotated": false,
    "trimmed": false,
    "spriteSourceSize": { "x": 0, "y": 0, "w": 512, "h": 512 },
    "sourceSize": { "w": 512, "h": 512 },
    "duration": 100
   },
   "snowman-hit 11.aseprite": {
    "frame": { "x": 5632, "y": 0, "w": 512, "h": 512 },
    "rotated": false,
    "trimmed": false,
    "spriteSourceSize": { "x": 0, "y": 0, "w": 512, "h": 512 },
    "sourceSize": { "w": 512, "h": 512 },
    "duration": 100
   },
   "snowman-hit 12.aseprite": {
    "frame": { "x": 6144, "y": 0, "w": 512, "h": 512 },
    "rotated": false,
    "trimmed": false,
    "spriteSourceSize": { "x": 0, "y": 0, "w": 512, "h": 512 },
    "sourceSize": { "w": 512, "h": 512 },
    "duration": 100
   },
   "snowman-hit 13.aseprite": {
    "frame": { "x": 6656, "y": 0, "w": 512, "h": 512 },
    "rotated": false,
    "trimmed": false,
    "spriteSourceSize": { "x": 0, "y": 0, "w": 512, "h": 512 },
    "sourceSize": { "w": 512, "h": 512 },
    "duration": 100
   },
   "snowman-hit 14.aseprite": {
    "frame": { "x": 7168, "y": 0, "w": 512, "h": 512 },
    "rotated": false,
    "trimmed": false,
    "spriteSourceSize": { "x": 0, "y": 0, "w": 512, "h": 512 },
    "sourceSize": { "w": 512, "h": 512 },
    "duration": 100
   },
   "snowman-hit 15.aseprite": {
    "frame": { "x": 7680, "y": 0, "w": 512, "h": 512 },
    "rotated": false,
    "trimmed": false,
    "spriteSourceSize": { "x": 0, "y": 0, "w": 512, "h": 512 },
    "sourceSize": { "w": 512, "h": 512 },
    "duration": 100
   },
   "snowman-hit 16.aseprite": {
    "frame": { "x": 8192, "y": 0, "w": 512, "h": 512 },
    "rotated": false,
    "trimmed": false,
    "spriteSourceSize": { "x": 0, "y": 0, "w": 512, "h": 512 },
    "sourceSize": { "w": 512, "h": 512 },
    "duration": 100
   },
   "snowman-hit 17.aseprite": {
    "frame": { "x": 8704, "y": 0, "w": 512, "h": 512 },
    "rotated": false,
    "trimmed": false,
    "spriteSourceSize": { "x": 0, "y": 0, "w": 512, "h": 512 },
    "sourceSize": { "w": 512, "h": 512 },
    "duration": 100
   },
   "snowman-hit 18.aseprite": {
    "frame": { "x": 9216, "y": 0, "w": 512, "h": 512 },
    "rotated": false,
    "trimmed": false,
    "spriteSourceSize": { "x": 0, "y": 0, "w": 512, "h": 512 },
    "sourceSize": { "w": 512, "h": 512 },
    "duration": 100
   },
   "snowman-hit 19.aseprite": {
    "frame": { "x": 9728, "y": 0, "w": 512, "h": 512 },
    "rotated": false,
    "trimmed": false,
    "spriteSourceSize": { "x": 0, "y": 0, "w": 512, "h": 512 },
    "sourceSize": { "w": 512, "h": 512 },
    "duration": 100
   },
   "snowman-hit 20.aseprite": {
    "frame": { "x": 10240, "y": 0, "w": 512, "h": 512 },
    "rotated": false,
    "trimmed": false,
    "spriteSourceSize": { "x": 0, "y": 0, "w": 512, "h": 512 },
    "sourceSize": { "w": 512, "h": 512 },
    "duration": 100
   },
   "snowman-hit 21.aseprite": {
    "frame": { "x": 10752, "y": 0, "w": 512, "h": 512 },
    "rotated": false,
    "trimmed": false,
    "spriteSourceSize": { "x": 0, "y": 0, "w": 512, "h": 512 },
    "sourceSize": { "w": 512, "h": 512 },
    "duration": 100
   },
   "snowman-hit 22.aseprite": {
    "frame": { "x": 11264, "y": 0, "w": 512, "h": 512 },
    "rotated": false,
    "trimmed": false,
    "spriteSourceSize": { "x": 0, "y": 0, "w": 512, "h": 512 },
    "sourceSize": { "w": 512, "h": 512 },
    "duration": 100
   },
   "snowman-hit 23.aseprite": {
    "frame": { "x": 11776, "y": 0, "w": 512, "h": 512 },
    "rotated": false,
    "trimmed": false,
    "spriteSourceSize": { "x": 0, "y": 0, "w": 512, "h": 512 },
    "sourceSize": { "w": 512, "h": 512 },
    "duration": 100
   },
   "snowman-hit 24.aseprite": {
    "frame": { "x": 12288, "y": 0, "w": 512, "h": 512 },
    "rotated": false,
    "trimmed": false,
    "spriteSourceSize": { "x": 0, "y": 0, "w": 512, "h": 512 },
    "sourceSize": { "w": 512, "h": 512 },
    "duration": 100
   },
   "snowman-hit 25.aseprite": {
    "frame": { "x": 12800, "y": 0, "w": 512, "h": 512 },
    "rotated": false,
    "trimmed": false,
    "spriteSourceSize": { "x": 0, "y": 0, "w": 512, "h": 512 },
    "sourceSize": { "w": 512, "h": 512 },
    "duration": 100
   },
   "snowman-hit 26.aseprite": {
    "frame": { "x": 13312, "y": 0, "w": 512, "h": 512 },
    "rotated": false,
    "trimmed": false,
    "spriteSourceSize": { "x": 0, "y": 0, "w": 512, "h": 512 },
    "sourceSize": { "w": 512, "h": 512 },
    "duration": 100
   },
   "snowman-hit 27.aseprite": {
    "frame": { "x": 13824, "y": 0, "w": 512, "h": 512 },
    "rotated": false,
    "trimmed": false,
    "spriteSourceSize": { "x": 0, "y": 0, "w": 512, "h": 512 },
    "sourceSize": { "w": 512, "h": 512 },
    "duration": 100
   },
   "snowman-hit 28.aseprite": {
    "frame": { "x": 14336, "y": 0, "w": 512, "h": 512 },
    "rotated": false,
    "trimmed": false,
    "spriteSourceSize": { "x": 0, "y": 0, "w": 512, "h": 512 },
    "sourceSize": { "w": 512, "h": 512 },
    "duration": 100
   },
   "snowman-hit 29.aseprite": {
    "frame": { "x": 14848, "y": 0, "w": 512, "h": 512 },
    "rotated": false,
    "trimmed": false,
    "spriteSourceSize": { "x": 0, "y": 0, "w": 512, "h": 512 },
    "sourceSize": { "w": 512, "h": 512 },
    "duration": 100
   },
   "snowman-hit 30.aseprite": {
    "frame": { "x": 15360, "y": 0, "w": 512, "h": 512 },
    "rotated": false,
    "trimmed": false,
    "spriteSourceSize": { "x": 0, "y": 0, "w": 512, "h": 512 },
    "sourceSize": { "w": 512, "h": 512 },
    "duration": 100
   },
   "snowman-hit 31.aseprite": {
    "frame": { "x": 15872, "y": 0, "w": 512, "h": 512 },
    "rotated": false,
    "trimmed": false,
    "spriteSourceSize": { "x": 0, "y": 0, "w": 512, "h": 512 },
    "sourceSize": { "w": 512, "h": 512 },
    "duration": 100
   },
   "snowman-hit 32.aseprite": {
    "frame": { "x": 16384, "y": 0, "w": 512, "h": 512 },
    "rotated": false,
    "trimmed": false,
    "spriteSourceSize": { "x": 0, "y": 0, "w": 512, "h": 512 },
    "sourceSize": { "w": 512, "h": 512 },
    "duration": 100
   },
   "snowman-hit 33.aseprite": {
    "frame": { "x": 16896, "y": 0, "w": 512, "h": 512 },
    "rotated": false,
    "trimmed": false,
    "spriteSourceSize": { "x": 0, "y": 0, "w": 512, "h": 512 },
    "sourceSize": { "w": 512, "h": 512 },
    "duration": 100
   },
   "snowman-hit 34.aseprite": {
    "frame": { "x": 17408, "y": 0, "w": 512, "h": 512 },
    "rotated": false,
    "trimmed": false,
    "spriteSourceSize": { "x": 0, "y": 0, "w": 512, "h": 512 },
    "sourceSize": { "w": 512, "h": 512 },
    "duration": 100
   },
   "snowman-hit 35.aseprite": {
    "frame": { "x": 17920, "y": 0, "w": 512, "h": 512 },
    "rotated": false,
    "trimmed": false,
    "spriteSourceSize": { "x": 0, "y": 0, "w": 512, "h": 512 },
    "sourceSize": { "w": 512, "h": 512 },
    "duration": 100
   },
   "snowman-hit 36.aseprite": {
    "frame": { "x": 18432, "y": 0, "w": 512, "h": 512 },
    "rotated": false,
    "trimmed": false,
    "spriteSourceSize": { "x": 0, "y": 0, "w": 512, "h": 512 },
    "sourceSize": { "w": 512, "h": 512 },
    "duration": 100
   }
 },
 "meta": {
  "app": "https://www.aseprite.org/",
  "version": "1.3-beta21-x64",
  "image": "snowman-hit.png",
  "format": "I8",
  "size": { "w": 18944, "h": 512 },
  "scale": "1",
  "frameTags": [
   { "name": "hit", "from": 0, "to": 36, "direction": "forward", "color": "#6acd5bff" }
  ],
  "layers": [
   { "name": "Sprite Sheet", "opacity": 255, "blendMode": "normal" }
  ],
  "slices": [
  ]
 }
}
