{ "frames": {
   "snowman-air-forward 0.aseprite": {
    "frame": { "x": 0, "y": 0, "w": 512, "h": 512 },
    "rotated": false,
    "trimmed": false,
    "spriteSourceSize": { "x": 0, "y": 0, "w": 512, "h": 512 },
    "sourceSize": { "w": 512, "h": 512 },
    "duration": 100
   },
   "snowman-air-forward 1.aseprite": {
    "frame": { "x": 512, "y": 0, "w": 512, "h": 512 },
    "rotated": false,
    "trimmed": false,
    "spriteSourceSize": { "x": 0, "y": 0, "w": 512, "h": 512 },
    "sourceSize": { "w": 512, "h": 512 },
    "duration": 100
   },
   "snowman-air-forward 2.aseprite": {
    "frame": { "x": 1024, "y": 0, "w": 512, "h": 512 },
    "rotated": false,
    "trimmed": false,
    "spriteSourceSize": { "x": 0, "y": 0, "w": 512, "h": 512 },
    "sourceSize": { "w": 512, "h": 512 },
    "duration": 100
   },
   "snowman-air-forward 3.aseprite": {
    "frame": { "x": 1536, "y": 0, "w": 512, "h": 512 },
    "rotated": false,
    "trimmed": false,
    "spriteSourceSize": { "x": 0, "y": 0, "w": 512, "h": 512 },
    "sourceSize": { "w": 512, "h": 512 },
    "duration": 100
   },
   "snowman-air-forward 4.aseprite": {
    "frame": { "x": 2048, "y": 0, "w": 512, "h": 512 },
    "rotated": false,
    "trimmed": false,
    "spriteSourceSize": { "x": 0, "y": 0, "w": 512, "h": 512 },
    "sourceSize": { "w": 512, "h": 512 },
    "duration": 100
   },
   "snowman-air-forward 5.aseprite": {
    "frame": { "x": 2560, "y": 0, "w": 512, "h": 512 },
    "rotated": false,
    "trimmed": false,
    "spriteSourceSize": { "x": 0, "y": 0, "w": 512, "h": 512 },
    "sourceSize": { "w": 512, "h": 512 },
    "duration": 100
   },
   "snowman-air-forward 6.aseprite": {
    "frame": { "x": 3072, "y": 0, "w": 512, "h": 512 },
    "rotated": false,
    "trimmed": false,
    "spriteSourceSize": { "x": 0, "y": 0, "w": 512, "h": 512 },
    "sourceSize": { "w": 512, "h": 512 },
    "duration": 100
   },
   "snowman-air-forward 7.aseprite": {
    "frame": { "x": 3584, "y": 0, "w": 512, "h": 512 },
    "rotated": false,
    "trimmed": false,
    "spriteSourceSize": { "x": 0, "y": 0, "w": 512, "h": 512 },
    "sourceSize": { "w": 512, "h": 512 },
    "duration": 100
   },
   "snowman-air-forward 8.aseprite": {
    "frame": { "x": 4096, "y": 0, "w": 512, "h": 512 },
    "rotated": false,
    "trimmed": false,
    "spriteSourceSize": { "x": 0, "y": 0, "w": 512, "h": 512 },
    "sourceSize": { "w": 512, "h": 512 },
    "duration": 100
   },
   "snowman-air-forward 9.aseprite": {
    "frame": { "x": 4608, "y": 0, "w": 512, "h": 512 },
    "rotated": false,
    "trimmed": false,
    "spriteSourceSize": { "x": 0, "y": 0, "w": 512, "h": 512 },
    "sourceSize": { "w": 512, "h": 512 },
    "duration": 100
   },
   "snowman-air-forward 10.aseprite": {
    "frame": { "x": 5120, "y": 0, "w": 512, "h": 512 },
    "rotated": false,
    "trimmed": false,
    "spriteSourceSize": { "x": 0, "y": 0, "w": 512, "h": 512 },
    "sourceSize": { "w": 512, "h": 512 },
    "duration": 100
   },
   "snowman-air-forward 11.aseprite": {
    "frame": { "x": 5632, "y": 0, "w": 512, "h": 512 },
    "rotated": false,
    "trimmed": false,
    "spriteSourceSize": { "x": 0, "y": 0, "w": 512, "h": 512 },
    "sourceSize": { "w": 512, "h": 512 },
    "duration": 100
   },
   "snowman-air-forward 12.aseprite": {
    "frame": { "x": 6144, "y": 0, "w": 512, "h": 512 },
    "rotated": false,
    "trimmed": false,
    "spriteSourceSize": { "x": 0, "y": 0, "w": 512, "h": 512 },
    "sourceSize": { "w": 512, "h": 512 },
    "duration": 100
   },
   "snowman-air-forward 13.aseprite": {
    "frame": { "x": 6656, "y": 0, "w": 512, "h": 512 },
    "rotated": false,
    "trimmed": false,
    "spriteSourceSize": { "x": 0, "y": 0, "w": 512, "h": 512 },
    "sourceSize": { "w": 512, "h": 512 },
    "duration": 100
   },
   "snowman-air-forward 14.aseprite": {
    "frame": { "x": 7168, "y": 0, "w": 512, "h": 512 },
    "rotated": false,
    "trimmed": false,
    "spriteSourceSize": { "x": 0, "y": 0, "w": 512, "h": 512 },
    "sourceSize": { "w": 512, "h": 512 },
    "duration": 100
   },
   "snowman-air-forward 15.aseprite": {
    "frame": { "x": 7680, "y": 0, "w": 512, "h": 512 },
    "rotated": false,
    "trimmed": false,
    "spriteSourceSize": { "x": 0, "y": 0, "w": 512, "h": 512 },
    "sourceSize": { "w": 512, "h": 512 },
    "duration": 100
   },
   "snowman-air-forward 16.aseprite": {
    "frame": { "x": 8192, "y": 0, "w": 512, "h": 512 },
    "rotated": false,
    "trimmed": false,
    "spriteSourceSize": { "x": 0, "y": 0, "w": 512, "h": 512 },
    "sourceSize": { "w": 512, "h": 512 },
    "duration": 100
   },
   "snowman-air-forward 17.aseprite": {
    "frame": { "x": 8704, "y": 0, "w": 512, "h": 512 },
    "rotated": false,
    "trimmed": false,
    "spriteSourceSize": { "x": 0, "y": 0, "w": 512, "h": 512 },
    "sourceSize": { "w": 512, "h": 512 },
    "duration": 100
   },
   "snowman-air-forward 18.aseprite": {
    "frame": { "x": 9216, "y": 0, "w": 512, "h": 512 },
    "rotated": false,
    "trimmed": false,
    "spriteSourceSize": { "x": 0, "y": 0, "w": 512, "h": 512 },
    "sourceSize": { "w": 512, "h": 512 },
    "duration": 100
   },
   "snowman-air-forward 19.aseprite": {
    "frame": { "x": 9728, "y": 0, "w": 512, "h": 512 },
    "rotated": false,
    "trimmed": false,
    "spriteSourceSize": { "x": 0, "y": 0, "w": 512, "h": 512 },
    "sourceSize": { "w": 512, "h": 512 },
    "duration": 100
   },
   "snowman-air-forward 20.aseprite": {
    "frame": { "x": 10240, "y": 0, "w": 512, "h": 512 },
    "rotated": false,
    "trimmed": false,
    "spriteSourceSize": { "x": 0, "y": 0, "w": 512, "h": 512 },
    "sourceSize": { "w": 512, "h": 512 },
    "duration": 100
   }
 },
 "meta": {
  "app": "https://www.aseprite.org/",
  "version": "1.3-beta21-x64",
  "image": "snowman-air-forward.png",
  "format": "I8",
  "size": { "w": 10752, "h": 512 },
  "scale": "1",
  "frameTags": [
   { "name": "air-forward", "from": 0, "to": 20, "direction": "forward", "color": "#6acd5bff" }
  ],
  "layers": [
   { "name": "Sprite Sheet", "opacity": 255, "blendMode": "normal" }
  ],
  "slices": [
  ]
 }
}
