<root>
    <attack name="ground">
        <!--Attack Links-->
        <link attack="ground-up" />
        <link attack="ground-forward" />
        <link attack="ground-backward" />
        <link attack="ground-down" />
        <link attack="ground-neutral" />
    </attack>

    <attack name="air">
        <!--Attack Links-->
        <link attack="air-forward-start" />
        <link attack="air-up-start" />
        <link attack="air-back" />
        <link attack="air-down-start" />
        <link attack="air-neutral-start" />
    </attack>

    <attack name="ground-neutral">
        <ground/>
        <!--Controls-->
        <input controls="attack" />
        <!--Hitboxes-->
        <hitbox frames="0t99" kb = "200,-100" str = "100"/>
        <!--Movement Attributes-->
        <drag frames="4,6" rates=".6,1" />
        <thrust frames="5" velocity="50,0" />
        <!--Special Attributes-->
        <cancellable frames="4t7" />
        <!--Attack Links-->
        <inherits from="ground" />
    </attack>

    <attack name="ground-forward">
        <ground/>
         <!--Controls-->
         <input controls="attack,forward" />
        <!--Hitboxes-->
        <hitbox frames="0t99" kb = "1000,-100" str = "100" stun = "90"/>
        <!--Movement Attributes-->
        <drag frames="4,6" rates=".6,1" />
        <thrust frames="5" velocity="50,0" />
        <!--Special Attributes-->
        <cancellable frames="6" />
        <!--Attack Links-->
        <inherits from="ground" />
    </attack>

    <attack name="ground-backward">
        <ground/>
        <!--Controls-->
        <input controls="attack,backward" />
        <!--Hitboxes-->
        <hitbox frames="8t10" kb = "50,-400" str = "50" stun = "10"/>
        <!--Movement Attributes-->
        <drag frames="4,6" rates=".6,1" />
        <thrust frames="8" velocity="75,0" />
        <!--Special Attributes-->
        <cancellable frames="11t17" />
        <!--Attack Links-->
        <inherits from="ground" />
    </attack>

    <attack name="ground-down">
        <ground/>
        <!--Controls-->
        <input controls="attack,down" />
        <!--Hitboxes-->
        <hitbox frames="13t15" kb = "50,-700" str = "100" stun = "30"/>
        <!--Movement Attributes-->
        <drag frames="4,6" rates=".6,1" />
        <thrust frames="7t9" velocity="75,0" />
        <!--Special Attributes-->
        <cancellable frames="6" />
        <!--Attack Links-->
        <inherits from="ground" />
    </attack>

    <attack name="ground-up">
        <ground/>
        <!--Controls-->
        <input controls="attack,up" />
        <!--Hitboxes-->
        <hitbox frames="4t17" kb = "300,-300" str = "75" stun = "30"/>
        <!--Movement Attributes-->
        <drag frames="0" rates="1,1" />
        <!--Special Attributes-->
        <cancellable frames="4t21" />
        <!--Attack Links-->
        <inherits from="ground" />
    </attack>

    <attack name="air-land">
        <air/>
        <!--Attack Links-->
        <inherits from="air" />
    </attack>

    <attack name="air-neutral-start">
        <air/>
        <!--Controls-->
        <input controls="attack" />
        <!--Hitboxes-->
        <hitbox frames="2" kb = "200,-500" str = "100" stun = "30"/>
        <!--Movement Attributes-->
        <thrust frames="5" velocity="50,150" />

        <auto_continue on_complete="air-neutral-loop" />
    </attack>

    <attack name="air-neutral-loop">
        <air/>
        <!--Hitboxes-->
        <hitbox frames="3t19" kb = "200,-200" kb_ground = "200,-350" str = "50" stun = "30"/>
        <!--Movement Attributes-->
        <thrust frames="5" velocity="50,150" />
        <!--Attack Links-->
        <ground_cancel_attack name="air-land" />
    </attack>

    <attack name="air-down-start">
        <air/>
        <!--Controls-->
        <input controls="attack,down" />
        <!--Hitboxes-->
        <hitbox frames="5t6" kb_air = "0,1000" kb_ground = "100,-500" str = "100" stun = "60"/>
        <hitbox frames="7t8" kb_air = "0,1000" kb_ground = "100,-500" str = "75" stun = "30"/>
        <!--Movement Attributes-->
        <thrust frames="6" velocity="0,100" />
        <!--Special Attributes-->
        <cancellable frames="5t8" />
        <auto_continue on_complete="air-down-loop" />
    </attack>

    <attack name="air-down-loop">
        <air/>
        <!--Hitboxes-->
        <hitbox frames="9" kb = "200,-300" kb_ground = "200,-500" str = "25" stun = "20"/>
        <cancellable frames="9" />
        <!--Attack Links-->
        <ground_cancel_attack name="air-land" />
    </attack>

    <attack name="air-back">
        <air/>
        <!--Controls-->
        <input controls="attack,backwards" />
        <!--Hitboxes-->
        <hitbox frames="8t10" kb_air = "-1000,0" kb_ground = "500,-500" str = "125" stun = "60"/>
        <!--Special Attributes-->
        <cancellable frames="11t20" />
        <ground_cancel_attack name="air-land" frames="11t20"/>
    </attack>

    <attack name="air-up-start">
        <air/>
        <!--Controls-->
        <input controls="attack,up" />
        <!--Hitboxes-->
        <hitbox frames="10t14" kb_air = "500,-500" str = "150" stun = "90"/>
        <!--Special Attributes-->
        <cancellable frames="10t14" />
        <auto_continue on_complete="air-up-loop" />
    </attack>
    
    <attack name="air-up-loop">
        <air/>
        <!--Special Attributes-->
        <ground_cancel_attack name="air-land"/>
    </attack>

    <attack name="air-forward-start">
        <air/>
        <!--Controls-->
        <input controls="attack,forward" />
        <!--Hitboxes-->
        <hitbox frames="8t10" kb = "500,0" kb_ground = "500,-200" str = "100" stun = "60"/>
        <hitbox frames="11t13" kb = "200,-100" str = "50" stun = "30"/>
        <!--Special Attributes-->
        <cancellable frames="8t13" />
        <auto_continue on_complete="air-forward-loop" />
        <ground_cancel_attack name="air-land" frames = "12t13"/>
    </attack>
    
    <attack name="air-forward-loop">
        <air/>
        <!--Controls-->
        <input controls="attack,forward" />
        <!--Hitboxes-->
        <hitbox frames="14" kb = "200,-100" str = "50" stun = "30"/>
        <!--Special Attributes-->
        <cancellable frames="14" />
        <ground_cancel_attack name="air-land"/>
    </attack>
</root>