{ "frames": {
   "snowman-air-down 0.aseprite": {
    "frame": { "x": 0, "y": 0, "w": 512, "h": 512 },
    "rotated": false,
    "trimmed": false,
    "spriteSourceSize": { "x": 0, "y": 0, "w": 512, "h": 512 },
    "sourceSize": { "w": 512, "h": 512 },
    "duration": 100
   },
   "snowman-air-down 1.aseprite": {
    "frame": { "x": 512, "y": 0, "w": 512, "h": 512 },
    "rotated": false,
    "trimmed": false,
    "spriteSourceSize": { "x": 0, "y": 0, "w": 512, "h": 512 },
    "sourceSize": { "w": 512, "h": 512 },
    "duration": 100
   },
   "snowman-air-down 2.aseprite": {
    "frame": { "x": 1024, "y": 0, "w": 512, "h": 512 },
    "rotated": false,
    "trimmed": false,
    "spriteSourceSize": { "x": 0, "y": 0, "w": 512, "h": 512 },
    "sourceSize": { "w": 512, "h": 512 },
    "duration": 100
   },
   "snowman-air-down 3.aseprite": {
    "frame": { "x": 1536, "y": 0, "w": 512, "h": 512 },
    "rotated": false,
    "trimmed": false,
    "spriteSourceSize": { "x": 0, "y": 0, "w": 512, "h": 512 },
    "sourceSize": { "w": 512, "h": 512 },
    "duration": 100
   },
   "snowman-air-down 4.aseprite": {
    "frame": { "x": 2048, "y": 0, "w": 512, "h": 512 },
    "rotated": false,
    "trimmed": false,
    "spriteSourceSize": { "x": 0, "y": 0, "w": 512, "h": 512 },
    "sourceSize": { "w": 512, "h": 512 },
    "duration": 100
   },
   "snowman-air-down 5.aseprite": {
    "frame": { "x": 2560, "y": 0, "w": 512, "h": 512 },
    "rotated": false,
    "trimmed": false,
    "spriteSourceSize": { "x": 0, "y": 0, "w": 512, "h": 512 },
    "sourceSize": { "w": 512, "h": 512 },
    "duration": 100
   },
   "snowman-air-down 6.aseprite": {
    "frame": { "x": 3072, "y": 0, "w": 512, "h": 512 },
    "rotated": false,
    "trimmed": false,
    "spriteSourceSize": { "x": 0, "y": 0, "w": 512, "h": 512 },
    "sourceSize": { "w": 512, "h": 512 },
    "duration": 100
   },
   "snowman-air-down 7.aseprite": {
    "frame": { "x": 3584, "y": 0, "w": 512, "h": 512 },
    "rotated": false,
    "trimmed": false,
    "spriteSourceSize": { "x": 0, "y": 0, "w": 512, "h": 512 },
    "sourceSize": { "w": 512, "h": 512 },
    "duration": 100
   },
   "snowman-air-down 8.aseprite": {
    "frame": { "x": 4096, "y": 0, "w": 512, "h": 512 },
    "rotated": false,
    "trimmed": false,
    "spriteSourceSize": { "x": 0, "y": 0, "w": 512, "h": 512 },
    "sourceSize": { "w": 512, "h": 512 },
    "duration": 100
   },
   "snowman-air-down 9.aseprite": {
    "frame": { "x": 4608, "y": 0, "w": 512, "h": 512 },
    "rotated": false,
    "trimmed": false,
    "spriteSourceSize": { "x": 0, "y": 0, "w": 512, "h": 512 },
    "sourceSize": { "w": 512, "h": 512 },
    "duration": 100
   },
   "snowman-air-down 10.aseprite": {
    "frame": { "x": 5120, "y": 0, "w": 512, "h": 512 },
    "rotated": false,
    "trimmed": false,
    "spriteSourceSize": { "x": 0, "y": 0, "w": 512, "h": 512 },
    "sourceSize": { "w": 512, "h": 512 },
    "duration": 100
   },
   "snowman-air-down 11.aseprite": {
    "frame": { "x": 5632, "y": 0, "w": 512, "h": 512 },
    "rotated": false,
    "trimmed": false,
    "spriteSourceSize": { "x": 0, "y": 0, "w": 512, "h": 512 },
    "sourceSize": { "w": 512, "h": 512 },
    "duration": 100
   },
   "snowman-air-down 12.aseprite": {
    "frame": { "x": 6144, "y": 0, "w": 512, "h": 512 },
    "rotated": false,
    "trimmed": false,
    "spriteSourceSize": { "x": 0, "y": 0, "w": 512, "h": 512 },
    "sourceSize": { "w": 512, "h": 512 },
    "duration": 100
   },
   "snowman-air-down 13.aseprite": {
    "frame": { "x": 6656, "y": 0, "w": 512, "h": 512 },
    "rotated": false,
    "trimmed": false,
    "spriteSourceSize": { "x": 0, "y": 0, "w": 512, "h": 512 },
    "sourceSize": { "w": 512, "h": 512 },
    "duration": 100
   },
   "snowman-air-down 14.aseprite": {
    "frame": { "x": 7168, "y": 0, "w": 512, "h": 512 },
    "rotated": false,
    "trimmed": false,
    "spriteSourceSize": { "x": 0, "y": 0, "w": 512, "h": 512 },
    "sourceSize": { "w": 512, "h": 512 },
    "duration": 100
   },
   "snowman-air-down 15.aseprite": {
    "frame": { "x": 7680, "y": 0, "w": 512, "h": 512 },
    "rotated": false,
    "trimmed": false,
    "spriteSourceSize": { "x": 0, "y": 0, "w": 512, "h": 512 },
    "sourceSize": { "w": 512, "h": 512 },
    "duration": 100
   },
   "snowman-air-down 16.aseprite": {
    "frame": { "x": 8192, "y": 0, "w": 512, "h": 512 },
    "rotated": false,
    "trimmed": false,
    "spriteSourceSize": { "x": 0, "y": 0, "w": 512, "h": 512 },
    "sourceSize": { "w": 512, "h": 512 },
    "duration": 100
   },
   "snowman-air-down 17.aseprite": {
    "frame": { "x": 8704, "y": 0, "w": 512, "h": 512 },
    "rotated": false,
    "trimmed": false,
    "spriteSourceSize": { "x": 0, "y": 0, "w": 512, "h": 512 },
    "sourceSize": { "w": 512, "h": 512 },
    "duration": 100
   },
   "snowman-air-down 18.aseprite": {
    "frame": { "x": 9216, "y": 0, "w": 512, "h": 512 },
    "rotated": false,
    "trimmed": false,
    "spriteSourceSize": { "x": 0, "y": 0, "w": 512, "h": 512 },
    "sourceSize": { "w": 512, "h": 512 },
    "duration": 100
   }
 },
 "meta": {
  "app": "https://www.aseprite.org/",
  "version": "1.3-beta21-x64",
  "image": "snowman-air-down.png",
  "format": "I8",
  "size": { "w": 9728, "h": 512 },
  "scale": "1",
  "frameTags": [
   { "name": "air-down", "from": 0, "to": 18, "direction": "forward", "color": "#6acd5bff" }
  ],
  "layers": [
   { "name": "Sprite Sheet", "opacity": 255, "blendMode": "normal" }
  ],
  "slices": [
  ]
 }
}
