<root>
    <animSet image = "snowman-idle" fps = "40ms" hitbox = "195,147" offset_left = "113,245" offset_right = "204,245">
        <anim name = "idle">0t34</anim>
        <anim name = "jump">0t34</anim>
    </animSet>

    <animSet image = "snowman-walk" fps = "40ms" hitbox = "195,147" offset_left = "113,245" offset_right = "204,245">
        <anim name = "walk-forwards">0t23</anim>
        <anim name = "walk-backwards">23t0</anim>
    </animSet>
    
    <animSet image = "snowman-jump" fps = "40ms" hitbox = "195,147" offset_left = "113,245" offset_right = "204,245">
        <anim name = "jump-squat" looping = "false">0t9</anim>
        <anim name = "jump-up">10t29</anim>
        <anim name = "jump-mid" looping = "false">30t32</anim>
        <anim name = "jump-down">33t50</anim>
        <anim name = "jump-land" looping = "false">51t59</anim>
    </animSet>

    <animSet image = "snowman-block" fps = "40ms" hitbox = "195,147" offset_left = "113,245" offset_right = "204,245">
        <anim name = "block-start" looping = "false">0t10</anim>
        <anim name = "block-loop">11</anim>
    </animSet>

    <animSet image = "snowman-hit" fps = "40ms" hitbox = "195,147" offset_left = "113,245" offset_right = "204,245">
        <anim name = "hit">0t16</anim>
        <anim name = "hit-recover" looping = "false">17t36</anim>
    </animSet>

    <animSet image = "snowman-ground-neutral" fps = "40ms" hitbox = "195,147" offset_left = "113,245" offset_right = "204,245">
        <anim name = "ground-neutral" looping = "false">0t7</anim>
    </animSet>

    <animSet image = "snowman-ground-forward" fps = "40ms" hitbox = "195,147" offset_left = "113,245" offset_right = "204,245">
        <anim name = "ground-forward" looping = "false">0t26</anim>
    </animSet>

    <animSet image = "snowman-ground-down" fps = "40ms" hitbox = "195,147" offset_left = "113,245" offset_right = "204,245">
        <anim name = "ground-down" looping = "false">0t25</anim>
    </animSet>

    <animSet image = "snowman-ground-back" fps = "40ms" hitbox = "195,147" offset_left = "113,245" offset_right = "204,245">
        <anim name = "ground-backward" looping = "false">0t17</anim>
    </animSet>

    <animSet image = "snowman-ground-up" fps = "40ms" hitbox = "195,147" offset_left = "113,245" offset_right = "204,245">
        <anim name = "ground-up" looping = "false">0t21</anim>
    </animSet>
    
    <animSet image = "snowman-air-down" fps = "40ms" hitbox = "195,147" offset_left = "113,245" offset_right = "204,245">
        <anim name = "air-down-start" looping = "false">0t8</anim>
        <anim name = "air-down-loop">9</anim>
    </animSet>

    <animSet image = "snowman-air-forward" fps = "40ms" hitbox = "195,147" offset_left = "113,245" offset_right = "204,245">
        <anim name = "air-forward-start" looping = "false">0t13</anim>
        <anim name = "air-forward-loop">14</anim>
    </animSet>

    <animSet image = "snowman-air-back" fps = "40ms" hitbox = "195,147" offset_left = "113,245" offset_right = "204,245">
        <anim name = "air-back" looping = "false">0t20</anim>
    </animSet>

    <animSet image = "snowman-air-up" fps = "40ms" hitbox = "195,147" offset_left = "113,245" offset_right = "204,245">
        <anim name = "air-up-start" looping = "false">0t14</anim>
        <anim name = "air-up-loop">15</anim>
    </animSet>

    <animSet image = "snowman-air-neutral" fps = "40ms" hitbox = "195,147" offset_left = "113,245" offset_right = "204,245">
        <anim name = "air-neutral-start" looping = "false">0t2</anim>
        <anim name = "air-neutral-loop">3t19</anim>
        <anim name = "air-land" looping = "false">20t25</anim>
    </animSet>
</root>