<root>
    <animSet image = "donkey-base" fps = "100ms" hitbox = "176,464" offset_left = "335,242" offset_right = "889,242">
        <anim name = "idle">0t4</anim>
        <anim name = "jump-squat">5</anim>
        <anim name = "jump-up">6</anim>
        <anim name = "jump-mid">6</anim>
        <anim name = "jump-down">7</anim>
        <anim name = "jump-land">5</anim>
        <anim name = "walk-forwards">8t14</anim>
        <anim name = "walk-backwards">14,13,12,11,10,9,8</anim>
        <anim name = "hit">15</anim>
        <anim name = "block">16</anim>
        <anim name = "ground-forward">17t20</anim>
        <anim name = "air-back">21t25</anim>
    </animSet>
</root>